"id"	"category"	"original"	"corrected"	"explanation"	"status"	"level"	"next_review"	"last_review"	"source_session"
"E0001"	"grammar"	"you, bombard"	"you are bombarded"	"被动语态中助动词和过去分词共同构成完整谓语。"	"active"	"1"	"2026-08-06"	"2026-08-03"	"S20260721-01"
"E0002"	"grammar"	"suggests us to check"	"suggests that we check"	"不能使用 suggest somebody to do；可用 suggest that 从句或 advise somebody to do。"	"active"	"2"	"2026-08-02"	"2026-07-26"	"S20260721-01"
"E0003"	"grammar"	"circulate widely that"	"circulate so widely that"	"表达“如此……以至于……”需要完整的 so ... that 结果结构。"	"active"	"2"	"2026-08-02"	"2026-07-26"	"S20260721-01"
"E0004"	"word-choice"	"this effects our online courses studying"	"this has affected our online classes"	"affect 是动词，effect 通常是名词；online classes 是更自然的搭配。"	"active"	"2"	"2026-08-07"	"2026-07-31"	"S20260723-01"
"E0005"	"word-choice"	"change a new router"	"replace the router"	"更换设备使用 replace；也可说 replace the old router with a new one。"	"active"	"2"	"2026-08-05"	"2026-07-29"	"S20260723-01"
"E0006"	"grammar"	"the problems remains"	"the problem remains"	"单数主语搭配 remains；复数主语应搭配 remain。"	"active"	"2"	"2026-08-03"	"2026-07-27"	"S20260723-01"
"E0007"	"word-choice"	"similarity points of Mars and Earth"	"similarities between Mars and Earth"	"表达两者之间的相似之处使用 similarities between A and B。"	"active"	"1"	"2026-07-31"	"2026-07-28"	"S20260724-01"
"E0008"	"listening"	"The distance is similar, and it is not that far in space."	"Their distances from the Sun are different, but the difference is relatively small on an astronomical scale."	"教师此前因依据不完整文字稿而误判；完整原文明确支持“按太空尺度看差距不大”。该项不是学习者的听力错误，仅保留记录以说明更正。"	"paused"	"0"	""	""	"S20260724-01"
"E0009"	"grammar"	"38 per cent of Earth"	"38 per cent of Earth's gravity"	"比较比例时要补全所有格和具体比较对象。"	"active"	"2"	"2026-08-05"	"2026-07-29"	"S20260724-01"
"E0010"	"grammar"	"as a student major in computer science"	"as a student majoring in computer science / as a computer science major"	"major 作动词时使用 majoring in；作名词时可说 a computer science major。"	"active"	"2"	"2026-08-07"	"2026-07-31"	"S20260725-01"
"E0011"	"grammar"	"the website give / the student don't"	"the website gives / students don't"	"一般现在时中，第三人称单数主语使用 gives、has、doesn't；复数主语使用 give、have、don't。"	"active"	"1"	"2026-07-31"	"2026-07-28"	"S20260725-01"
"E0012"	"grammar"	"make the plan table / create better wallpaper"	"make a planning table / create a better wallpaper"	"单数可数名词通常需要 a/an、the、所有格等限定词；首次引入一个事物通常用 a/an。"	"active"	"2"	"2026-08-17"	"2026-08-10"	"S20260726-01"
"E0013"	"grammar"	"what I am thought / without think"	"what I am thinking about / without having to think too much"	"be 后表示正在进行使用现在分词；without 是介词，后接动名词。without having to think too much 更准确表达“熟练到不必想太久”。"	"active"	"2"	"2026-08-07"	"2026-07-31"	"S20260726-01"
"E0014"	"grammar"	"let Codex to be my teacher"	"let Codex be my teacher / I’d like Codex to be my teacher"	"let 后接动词原形；would like 加宾语后使用 to do。"	"active"	"2"	"2026-08-07"	"2026-07-31"	"S20260727-01"
"E0015"	"grammar"	"Unlike usual AI chatbot"	"Unlike a typical AI chatbot / Unlike typical AI chatbots"	"泛指一个单数可数名词需要 a/an；也可以使用复数形式泛指一类事物。"	"active"	"3"	"2026-08-24"	"2026-08-10"	"S20260727-01"
"E0016"	"word-choice"	"track pace my learning rate"	"set the pace for my learning"	"track 与 progress 搭配表示跟踪进度；set the pace 表示设定节奏。"	"active"	"1"	"2026-07-31"	"2026-07-28"	"S20260727-01"
"E0017"	"grammar"	"when they trying to learn"	"when they try to learn / when they are trying to learn"	"进行时需要 be 加现在分词；表达一般情况可直接使用一般现在时。"	"active"	"3"	"2026-08-24"	"2026-08-10"	"S20260728-01"
"E0018"	"grammar"	"Which I think is very useful."	"I think this is very useful. / ..., which I think is very useful."	"which 引导的关系从句不能在这里独立成句；应连接前句或改为完整主句。"	"active"	"1"	"2026-08-06"	"2026-08-03"	"S20260728-01"
"E0019"	"grammar"	"when would they get / what does SEO means"	"when they would get / what SEO meant"	"间接问句使用陈述句语序；转述过去的问题时通常进行时态后移。"	"active"	"0"	"2026-08-13"	"2026-08-12"	"S20260729-01"
"E0020"	"grammar"	"engage more daily practice"	"engage in daily practice / practise more every day"	"engage 表示参与某项活动时通常与 in 搭配；日常口语可直接用 practise。"	"active"	"0"	"2026-08-01"	""	"S20260731-01"
"E0021"	"grammar"	"use English express"	"use English to express"	"表示使用某事物来达到目的时，使用 use something to do something。"	"active"	"0"	"2026-08-01"	""	"S20260731-01"
"E0022"	"grammar"	"try first just form some simple sentences"	"first try to form some simple sentences / try forming some simple sentences first"	"try to do 表示努力做；try doing 表示尝试一种方法，二者都需要正确的动词形式和词序。"	"active"	"0"	"2026-08-04"	"2026-08-03"	"S20260731-01"
"E0023"	"grammar"	"it can track my progress and gives me a plan"	"it can track my progress and give me a plan"	"情态动词 can 后接动词原形；并列动词 track 和 give 都受 can 支配。"	"active"	"2"	"2026-08-19"	"2026-08-12"	"S20260803-01"
"E0024"	"grammar"	"It can also use to find reliable sources."	"It can also be used to find reliable sources. / It can help me find reliable sources."	"工具作主语时可用 be used to do 表示‘被用来做’，也可以改用 help someone do 明确使用者。"	"active"	"1"	"2026-08-12"	"2026-08-09"	"S20260803-01"
"E0025"	"word-choice"	"By using smaller questions, the other persons will naturally answer the questions."	"By asking smaller questions, the other person will naturally provide the missing information."	"questions 通常与 ask 搭配；两人对话中的另一方使用单数 the other person。"	"active"	"0"	"2026-08-11"	"2026-08-10"	"S20260809-01"
"E0026"	"grammar"	"The AI agent can base on students' background to provide materials."	"The AI agent can provide materials based on students' backgrounds. / It can base the materials on students' backgrounds."	"情态动词 can 后接原形；base something on 需要宾语，或使用 based on 补充依据。"	"active"	"0"	"2026-08-13"	"2026-08-12"	"S20260810-01"
"E0027"	"word-choice"	"a series of profession learning materials"	"a series of professional learning materials"	"profession 是名词；修饰名词 materials 需要形容词 professional。"	"active"	"1"	"2026-08-14"	"2026-08-11"	"S20260810-01"
"E0028"	"grammar"	"student can learn / make HTML visual demonstration"	"students can learn / make an HTML visual demonstration"	"泛指一类可数事物通常用复数；单数可数名词 demonstration 需要限定词，HTML 以元音音素开头所以用 an。"	"active"	"0"	"2026-08-13"	"2026-08-12"	"S20260810-01"
"E0029"	"grammar"	"we request extension"	"we would like to request an extension"	"request 作动词时可直接接名词；extension 是单数可数名词，需要 an。"	"active"	"0"	"2026-08-13"	"2026-08-12"	"S20260811-01"
"E0030"	"word-choice"	"extend the deadline for two days"	"extend the deadline by two days / request a two-day extension"	"表示截止日期增加两天使用 by two days；也可用复合形容词 two-day 修饰 extension。"	"active"	"0"	"2026-08-13"	"2026-08-12"	"S20260811-01"
"E0031"	"word-choice"	"put a lot off effort in our project"	"put a lot of effort into our project"	"数量短语是 a lot of；表示在某事上投入努力使用 put effort into。"	"active"	"0"	"2026-08-13"	"2026-08-12"	"S20260811-01"
