plan_item_id	plan_id	sequence	title	session_type	primary_skill	required	status	completed_session_id	focus_goal_id	plan_role
P2026W30-D1	C0001	1	阅读、核心词汇、长句理解	diagnostic	reading	true	completed	S20260721-01		
P2026W30-D2	C0001	2	真实短听力	diagnostic	listening	true	completed	S20260724-01		
P2026W30-D3	C0001	3	日常口语面试	diagnostic	speaking	true	completed	S20260725-01		
P2026W30-D4	C0001	4	句子、邮件、短段落写作	diagnostic	writing	true	completed	S20260723-01		
P2026W30-D5	C0001	5	诊断汇总	assessment	mixed	true	completed	S20260726-01		
P2026W30-D6	C0001	6	最弱项完整日课	daily	mixed	true	completed	S20260727-01		
P2026W30-D7	C0001	7	轮次复盘	review	review	true	completed	S20260728-01		
P2026W31-D1	C0002	1	校园学习安排：真实听力	daily	listening	true	completed	S20260729-01		
P2026W31-D2	C0002	2	学习困难与建议：日常口语	daily	speaking	true	completed	S20260731-01		
P2026W31-D3	C0002	3	AI 学习工具：阅读与词汇	daily	reading	true	completed	S20260803-01		
P2026W31-D4	C0002	4	要点记录与复述：听说结合	daily	listening	true	completed	S20260809-01		
P2026W31-D5	C0002	5	冠词与动词结构：语法与写作	daily	writing	true	completed	S20260810-01		
P2026W31-D6	C0002	6	TOEFL 基础混合任务	daily	mixed	true	completed	S20260811-01		
P2026W31-D7	C0002	7	轮次复盘	review	review	true	completed	S20260812-01		
P2026W32-D1	C0003	1	校园通知与关键词笔记：真实听力	daily	listening	true	completed	S20260818-01		
P2026W32-D2	C0003	2	无框架观点表达：首次口语	daily	speaking	true	completed	S20260830-01		
P2026W32-D3	C0003	3	科技与学习：阅读和词汇	daily	reading	true	completed	S20260901-01		
P2026W32-D4	C0003	4	听后即时回应：听说结合	daily	listening	true	completed	S20260903-01		
P2026W32-D5	C0003	5	冠词、名词数与固定搭配：写作	daily	writing	true	completed	S20260906-01		
P2026W32-D6	C0003	6	TOEFL 基础混合任务（二）	daily	mixed	true	completed	S20260906-02		
P2026W32-D7	C0003	7	轮次复盘	review	review	true	completed	S20260907-01		
P2026W37-D1	C0004	1	校园学习经历：60秒准备口头解释	integrated	speaking	true	completed	S20260913-b02901c130	FG-C0004-01	focus
P2026W37-D2	C0004	2	少人物听力：人物观点与回应关系	integrated	listening	true	completed	S20260914-5232a50ee7		maintenance
P2026W37-D3	C0004	3	学习策略说明：45秒准备与清楚结构	integrated	speaking	true	completed	S20260916-e7749ca501	FG-C0004-01	focus
P2026W37-D4	C0004	4	B1说明文：主线结构与细节关系	integrated	reading	true	completed	S20260919-7d482ce876		maintenance
P2026W37-D5	C0004	5	80词解释写作：结构与句法校对	integrated	writing	true	completed	S20260920-c64ebeaa0d		maintenance
P2026W37-D6	C0004	6	新情境口语迁移：开端、发展与结尾	integrated	speaking	true	completed	S20260920-436e085f0b	FG-C0004-01	focus
P2026W37-D7	C0004	7	C0004 轮次复盘	review	integrated	true	completed	S20260921-8e9a3bdd76	FG-C0004-01	cycle_review
PC0005-D1	C0005	1	迎新活动说明：独立口语检查	integrated	speaking	true	completed	S20260925-f92575f4b9	FG-C0004-01	focus
PC0005-D2	C0005	2	人物观点与回应关系：听力巩固	integrated	listening	true	completed	S20260927-e03651300b		maintenance
PC0005-D3	C0005	3	兼职与课程安排：结构化口语训练	integrated	speaking	true	completed	S20260930-c03d02e63f	FG-C0004-01	focus
PC0005-D4	C0005	4	图书馆充电器试点：阅读结构与证据	integrated	reading	true	planned			maintenance
PC0005-D5	C0005	5	错峰协作：80词解释写作	integrated	writing	true	planned			maintenance
PC0005-D6	C0005	6	家务分工流程：跨情境独立口语检查	integrated	speaking	true	planned		FG-C0004-01	focus
PC0005-D7	C0005	7	C0005 轮次复盘	review	integrated	true	planned		FG-C0004-01	cycle_review
