event_id	reviewed_at	study_date	session_id	item_type	item_id	result	old_level	new_level	previous_due	next_review

R20260723T085924609-V0001-2f79f1	2026-07-23T08:59:24+08:00	2026-07-23	S20260723-01	vocabulary	V0001	hard	0	0	2026-07-22	2026-07-24
R20260723T085925876-V0002-0cedfc	2026-07-23T08:59:25+08:00	2026-07-23	S20260723-01	vocabulary	V0002	good	0	1	2026-07-22	2026-07-26
R20260723T085927001-V0003-6e0bc4	2026-07-23T08:59:27+08:00	2026-07-23	S20260723-01	vocabulary	V0003	hard	0	0	2026-07-22	2026-07-24
R20260723T085928172-E0001-70a3c9	2026-07-23T08:59:28+08:00	2026-07-23	S20260723-01	error	E0001	again	0	0	2026-07-22	2026-07-24
R20260723T085929293-E0002-aacde5	2026-07-23T08:59:29+08:00	2026-07-23	S20260723-01	error	E0002	good	0	1	2026-07-22	2026-07-26
R20260723T085930411-E0003-be724e	2026-07-23T08:59:30+08:00	2026-07-23	S20260723-01	error	E0003	good	0	1	2026-07-22	2026-07-26
R846261034a3b424b8877f58e11848294	2026-07-24T09:06:38+08:00	2026-07-24	S20260724-01	vocabulary	V0001	good	0	1	2026-07-24	2026-07-27
R43b4931a5dc64c25a2dabbba0c0253e6	2026-07-24T09:06:38+08:00	2026-07-24	S20260724-01	vocabulary	V0003	good	0	1	2026-07-24	2026-07-27
Rdab82312ef1e49a087ebd691d3722c50	2026-07-24T09:06:38+08:00	2026-07-24	S20260724-01	vocabulary	V0004	good	0	1	2026-07-24	2026-07-27
R167789a0c9424851a02a01158899a46f	2026-07-24T09:06:38+08:00	2026-07-24	S20260724-01	vocabulary	V0005	hard	0	0	2026-07-24	2026-07-25
Re269b8f31f0c493f9dda623e39bb786c	2026-07-24T09:06:38+08:00	2026-07-24	S20260724-01	vocabulary	V0006	hard	0	0	2026-07-24	2026-07-25
R9e2ab78c1205421b95b442b2de1b8617	2026-07-24T09:06:38+08:00	2026-07-24	S20260724-01	error	E0001	good	0	1	2026-07-24	2026-07-27
Rae5a85717ffe42a8986a46be44641538	2026-07-24T09:06:38+08:00	2026-07-24	S20260724-01	error	E0004	good	0	1	2026-07-24	2026-07-27
R7979de004447401fadc2b3d6a51b951c	2026-07-24T09:06:38+08:00	2026-07-24	S20260724-01	error	E0005	hard	0	0	2026-07-24	2026-07-25
R753689aa333346f2b499afebf805d8d4	2026-07-24T09:06:38+08:00	2026-07-24	S20260724-01	error	E0006	good	0	1	2026-07-24	2026-07-27
Rdd75465f10ed4dca95fcc3b94178ea30	2026-07-25T14:31:51+08:00	2026-07-25	S20260725-01	vocabulary	V0005	good	0	1	2026-07-25	2026-07-28
Ra221851214f54489b2fc613e56ab60a4	2026-07-25T14:31:51+08:00	2026-07-25	S20260725-01	vocabulary	V0006	good	0	1	2026-07-25	2026-07-28
Rd9045e3dfa014219b78b5676fed12a3a	2026-07-25T14:31:51+08:00	2026-07-25	S20260725-01	vocabulary	V0007	hard	0	0	2026-07-25	2026-07-26
Rf7b431760356420089b4bca13915eacc	2026-07-25T14:31:51+08:00	2026-07-25	S20260725-01	vocabulary	V0008	hard	0	0	2026-07-25	2026-07-26
Rddb7c0e18e3b4cd5bc10168478c74438	2026-07-25T14:31:51+08:00	2026-07-25	S20260725-01	error	E0005	hard	0	0	2026-07-25	2026-07-26
R3f54338465dc48c4999b2b4c0c8cb2bd	2026-07-25T14:31:51+08:00	2026-07-25	S20260725-01	error	E0007	hard	0	0	2026-07-25	2026-07-26
R404a60eb101d487b9c8af922de582988	2026-07-25T14:31:51+08:00	2026-07-25	S20260725-01	error	E0009	again	0	0	2026-07-25	2026-07-26
R5e67177de4e84ee890a64680699c7389	2026-07-26T09:31:09+08:00	2026-07-26	S20260726-01	vocabulary	V0002	good	1	2	2026-07-26	2026-08-02
R1f74351229a042ba873ee6a44b7f71d1	2026-07-26T09:31:09+08:00	2026-07-26	S20260726-01	vocabulary	V0007	hard	0	0	2026-07-26	2026-07-27
R05df32f6d2d14ca093cc379d273a1b24	2026-07-26T09:31:09+08:00	2026-07-26	S20260726-01	vocabulary	V0008	hard	0	0	2026-07-26	2026-07-27
R334233b862f84ce9b9b4c02ff696ea26	2026-07-26T09:31:09+08:00	2026-07-26	S20260726-01	vocabulary	V0009	good	0	1	2026-07-26	2026-07-29
Rf025940861a5439ca278f5a215857f64	2026-07-26T09:31:09+08:00	2026-07-26	S20260726-01	vocabulary	V0010	hard	0	0	2026-07-26	2026-07-27
R97371f6e424f4e08bf6094afedc2be3b	2026-07-26T09:31:09+08:00	2026-07-26	S20260726-01	error	E0002	good	1	2	2026-07-26	2026-08-02
R649dc94f993c4176bed60dac1fbb21fe	2026-07-26T09:31:09+08:00	2026-07-26	S20260726-01	error	E0003	good	1	2	2026-07-26	2026-08-02
R0cebc00e97db4abaaa1285ef3475bb16	2026-07-26T09:31:09+08:00	2026-07-26	S20260726-01	error	E0005	good	0	1	2026-07-26	2026-07-29
R2b92294935434a5e806976a5b0592e55	2026-07-26T09:31:09+08:00	2026-07-26	S20260726-01	error	E0007	hard	0	0	2026-07-26	2026-07-27
Rbbf24878892b41eaad0515e834f8a345	2026-07-26T09:31:09+08:00	2026-07-26	S20260726-01	error	E0009	good	0	1	2026-07-26	2026-07-29
Rea823f315da44fc2aa299210cbeabca3	2026-07-26T09:31:09+08:00	2026-07-26	S20260726-01	error	E0010	hard	0	0	2026-07-26	2026-07-27
R3607ab51006c4a1d9c675c678978426c	2026-07-26T09:31:09+08:00	2026-07-26	S20260726-01	error	E0011	again	0	0	2026-07-26	2026-07-27
R8b5d9fc5518c4e4ebf9b26a8e05567ee	2026-07-27T09:12:53+08:00	2026-07-27	S20260727-01	vocabulary	V0001	hard	1	1	2026-07-27	2026-07-30
Rdf3ea48298a64a8395453a67ea003f5b	2026-07-27T09:12:53+08:00	2026-07-27	S20260727-01	error	E0001	hard	1	1	2026-07-27	2026-07-30
Rb34409e003e347d3b9f1c926ce155e21	2026-07-27T09:12:53+08:00	2026-07-27	S20260727-01	error	E0004	hard	1	1	2026-07-27	2026-07-30
R574bd647ee89469880748778b74510a9	2026-07-27T09:12:53+08:00	2026-07-27	S20260727-01	error	E0006	good	1	2	2026-07-27	2026-08-03
R9b6617b6383e4d5f8cb878d0d6a99092	2026-07-27T09:12:53+08:00	2026-07-27	S20260727-01	error	E0010	good	0	1	2026-07-27	2026-07-30
R94b1fad475334172b86f004fc31efd58	2026-07-27T09:12:53+08:00	2026-07-27	S20260727-01	error	E0012	good	0	1	2026-07-27	2026-07-30
Rd799bd6d95304c5988c9afb5d74f7d6e	2026-07-27T09:12:53+08:00	2026-07-27	S20260727-01	vocabulary	V0011	good	0	1	2026-07-27	2026-07-30
Rc334584a4f994bb590abc39a6b6ac600	2026-07-27T09:12:53+08:00	2026-07-27	S20260727-01	error	E0013	good	0	1	2026-07-27	2026-07-30
Rcaa6efa8a00d49e8a9b65be3a1fb6a3c	2026-07-28T12:08:16+08:00	2026-07-28	S20260728-01	vocabulary	V0003	good	1	2	2026-07-27	2026-08-04
R866c081c66b04350b6978c4d6ccccd9a	2026-07-28T12:08:16+08:00	2026-07-28	S20260728-01	vocabulary	V0004	hard	1	1	2026-07-27	2026-07-31
Rc0f09c85199b48e38c1978faf3fdcbc2	2026-07-28T12:08:16+08:00	2026-07-28	S20260728-01	vocabulary	V0007	good	0	1	2026-07-27	2026-07-31
Rf04bbf70f3dd49d68bef85ac9bfbc94a	2026-07-28T12:08:16+08:00	2026-07-28	S20260728-01	vocabulary	V0008	hard	0	0	2026-07-27	2026-07-29
R5007195e5df843ce9cd56bbf8d00eb9e	2026-07-28T12:08:16+08:00	2026-07-28	S20260728-01	vocabulary	V0010	hard	0	0	2026-07-27	2026-07-29
R9c955c7a1bdf418fbfba0be46e336575	2026-07-28T12:08:16+08:00	2026-07-28	S20260728-01	vocabulary	V0005	good	1	2	2026-07-28	2026-08-04
R82a397d5d1c54114acd561c3bbc12bd7	2026-07-28T12:08:16+08:00	2026-07-28	S20260728-01	vocabulary	V0006	hard	1	1	2026-07-28	2026-07-31
R4ddaa21e2da7418eb072685ab0aac10c	2026-07-28T12:08:16+08:00	2026-07-28	S20260728-01	vocabulary	V0012	good	0	1	2026-07-28	2026-07-31
R6353f9fdb649451cb63f81edac7a8c20	2026-07-28T12:08:16+08:00	2026-07-28	S20260728-01	vocabulary	V0013	good	0	1	2026-07-28	2026-07-31
R682a6573998d4e1aaa61f84630383450	2026-07-28T12:08:16+08:00	2026-07-28	S20260728-01	vocabulary	V0014	good	0	1	2026-07-28	2026-07-31
Rc1442ff530954ce3af85bd7331bbba4e	2026-07-28T12:08:16+08:00	2026-07-28	S20260728-01	error	E0007	good	0	1	2026-07-27	2026-07-31
R44626b7a5d5445ba8db223f74b492006	2026-07-28T12:08:16+08:00	2026-07-28	S20260728-01	error	E0011	good	0	1	2026-07-27	2026-07-31
Rfe908d4505c0492a820a608ac759e5f3	2026-07-28T12:08:16+08:00	2026-07-28	S20260728-01	error	E0014	good	0	1	2026-07-28	2026-07-31
R2cf0bccbc417478bb818d4df24bc971f	2026-07-28T12:08:16+08:00	2026-07-28	S20260728-01	error	E0015	hard	0	0	2026-07-28	2026-07-29
R49c028ab5464495e81e3f85a3e546ca0	2026-07-28T12:08:16+08:00	2026-07-28	S20260728-01	error	E0016	good	0	1	2026-07-28	2026-07-31
R79d1488104cc4990ae9fa40b5cfd1690	2026-07-29T15:09:15+08:00	2026-07-29	S20260729-01	vocabulary	V0008	good	0	1	2026-07-29	2026-08-01
R76803cb17c0c4f488f4bbdeb77d06e33	2026-07-29T15:09:15+08:00	2026-07-29	S20260729-01	vocabulary	V0009	hard	1	1	2026-07-29	2026-08-01
Rfb84f3b38d8549d592ed0064cefda65b	2026-07-29T15:09:15+08:00	2026-07-29	S20260729-01	vocabulary	V0010	good	0	1	2026-07-29	2026-08-01
Rcdb45615c3a048729f6eb8ec7949054e	2026-07-29T15:09:15+08:00	2026-07-29	S20260729-01	vocabulary	V0015	good	0	1	2026-07-29	2026-08-01
Rcd1c4d5b9e83469cabf31febc9d95e7b	2026-07-29T15:09:15+08:00	2026-07-29	S20260729-01	error	E0005	good	1	2	2026-07-29	2026-08-05
R73a4e9345981421a85f2451ea4461526	2026-07-29T15:09:15+08:00	2026-07-29	S20260729-01	error	E0009	good	1	2	2026-07-29	2026-08-05
R6db382de644b4e80a8396254f5962fce	2026-07-29T15:09:15+08:00	2026-07-29	S20260729-01	error	E0015	good	0	1	2026-07-29	2026-08-01
Rb5da0f4b65bd4cf991a045ce1bb8e795	2026-07-29T15:09:15+08:00	2026-07-29	S20260729-01	error	E0017	good	0	1	2026-07-29	2026-08-01
R4f0ebc864d3549d8807369d1f09371fc	2026-07-29T15:09:15+08:00	2026-07-29	S20260729-01	error	E0018	good	0	1	2026-07-29	2026-08-01
R8bc72c3eaddb47efa613c5144d6d1a82	2026-07-31T09:51:26+08:00	2026-07-31	S20260731-01	vocabulary	V0001	hard	1	1	2026-07-30	2026-08-03
Raccda52a015940349ed55db4fbfda818	2026-07-31T09:51:26+08:00	2026-07-31	S20260731-01	vocabulary	V0011	good	1	2	2026-07-30	2026-08-07
R87f32f1c1af84628aa34f3fa8f6dacdf	2026-07-31T09:51:26+08:00	2026-07-31	S20260731-01	vocabulary	V0016	good	0	1	2026-07-30	2026-08-03
Ra3c4f55ef64f4f5da95966c40c00f1fa	2026-07-31T09:51:26+08:00	2026-07-31	S20260731-01	error	E0001	hard	1	1	2026-07-30	2026-08-03
R95ffac83c3a34c3eb4449e7ff092f6d0	2026-07-31T09:51:26+08:00	2026-07-31	S20260731-01	error	E0004	good	1	2	2026-07-30	2026-08-07
R34b3301f544545f39b09e5e41c1e2056	2026-07-31T09:51:26+08:00	2026-07-31	S20260731-01	error	E0010	good	1	2	2026-07-30	2026-08-07
R9eb2a1045e9e4b908eb55cde197db37a	2026-07-31T09:51:26+08:00	2026-07-31	S20260731-01	error	E0012	hard	1	1	2026-07-30	2026-08-03
Rc6360eba4d8e4455920d7bc5086c734a	2026-07-31T09:51:26+08:00	2026-07-31	S20260731-01	error	E0013	good	1	2	2026-07-30	2026-08-07
R756d03f71c204911905b1c589d00753e	2026-07-31T09:51:26+08:00	2026-07-31	S20260731-01	error	E0014	good	1	2	2026-07-31	2026-08-07
Rbdf21b380a074a1d9bba1da3db7ec5fb	2026-07-31T09:51:26+08:00	2026-07-31	S20260731-01	error	E0019	hard	0	0	2026-07-30	2026-08-01
R21211a5a9c664b25aeeb51f64cd824d5	2026-08-03T09:13:32+08:00	2026-08-03	S20260803-01	vocabulary	V0001	hard	1	1	2026-08-03	2026-08-06
Rbc1e838746334d2bb022f36f8e7e234c	2026-08-03T09:13:32+08:00	2026-08-03	S20260803-01	vocabulary	V0002	hard	2	2	2026-08-02	2026-08-10
R758fa07781154071b4f7c70484e38925	2026-08-03T09:13:32+08:00	2026-08-03	S20260803-01	vocabulary	V0012	good	1	2	2026-07-31	2026-08-10
R81ad4c39a73c44158a1b6b14d546a798	2026-08-03T09:13:32+08:00	2026-08-03	S20260803-01	vocabulary	V0013	hard	1	1	2026-07-31	2026-08-06
R55fe06e75afc4093b7492ea58d1ae0e0	2026-08-03T09:13:32+08:00	2026-08-03	S20260803-01	vocabulary	V0015	good	1	2	2026-08-01	2026-08-10
R81addeecf22445baa6659234ae3879dc	2026-08-03T09:13:32+08:00	2026-08-03	S20260803-01	error	E0001	hard	1	1	2026-08-03	2026-08-06
R82f4238c35304ba083fe4838c0a8043c	2026-08-03T09:13:32+08:00	2026-08-03	S20260803-01	error	E0015	good	1	2	2026-08-01	2026-08-10
R04a71970cbe3491db6b39b52c248d263	2026-08-03T09:13:32+08:00	2026-08-03	S20260803-01	error	E0017	good	1	2	2026-08-01	2026-08-10
R4ca05d762ac24e659c8e1cdf1ea35a0d	2026-08-03T09:13:32+08:00	2026-08-03	S20260803-01	error	E0022	hard	0	0	2026-08-01	2026-08-04
Rd3252687125f4f3989cf2ad84b901e70	2026-08-03T09:13:32+08:00	2026-08-03	S20260803-01	error	E0018	hard	1	1	2026-08-01	2026-08-06
Rd1b2aa7ec3174903b7b53a11bec2baad	2026-08-09T09:20:47+08:00	2026-08-09	S20260809-01	vocabulary	V0019	hard	0	0	2026-08-04	2026-08-10
Rdf95b83888a044ac8a077f15e54a4ba7	2026-08-09T09:20:47+08:00	2026-08-09	S20260809-01	vocabulary	V0020	good	0	1	2026-08-04	2026-08-12
R966b866815df464c82ed3d90095f3704	2026-08-09T09:20:47+08:00	2026-08-09	S20260809-01	vocabulary	V0021	good	0	1	2026-08-04	2026-08-12
Rae0a7b0799044439867468468d27b4eb	2026-08-09T09:20:47+08:00	2026-08-09	S20260809-01	error	E0023	good	0	1	2026-08-04	2026-08-12
R0c5c847f782f4b9298d0f5a3f578fa62	2026-08-09T09:20:47+08:00	2026-08-09	S20260809-01	error	E0024	good	0	1	2026-08-04	2026-08-12
Ra6ddce493c8d4089aa4000bf481d7d2e	2026-08-09T09:20:47+08:00	2026-08-09	S20260809-01	error	E0019	hard	0	0	2026-08-01	2026-08-10
Rd3412a73e5b142b7bb83ab3530fd0c09	2026-08-10T10:18:27+08:00	2026-08-10	S20260810-01	vocabulary	V0023	hard	0	0	2026-08-10	2026-08-11
R7cccd8def6c843b6b6cbd0d1de1a418a	2026-08-10T10:18:27+08:00	2026-08-10	S20260810-01	vocabulary	V0024	hard	0	0	2026-08-10	2026-08-11
R791239df509941648cf072a130de8098	2026-08-10T10:18:27+08:00	2026-08-10	S20260810-01	vocabulary	V0025	hard	0	0	2026-08-10	2026-08-11
Re1235a2b5738494d8d3cc7ac1a307030	2026-08-10T10:18:27+08:00	2026-08-10	S20260810-01	error	E0015	good	2	3	2026-08-10	2026-08-24
R1620369dbd2741ca84ecab3f73f21064	2026-08-10T10:18:27+08:00	2026-08-10	S20260810-01	error	E0017	good	2	3	2026-08-10	2026-08-24
R95875f193d074ecda2f053b7958f3608	2026-08-10T10:18:27+08:00	2026-08-10	S20260810-01	error	E0025	hard	0	0	2026-08-10	2026-08-11
Rf4a7bfeb5cff42f09cff3dfcad0afd6b	2026-08-10T10:18:27+08:00	2026-08-10	S20260810-01	error	E0012	good	1	2	2026-08-03	2026-08-17
R2b92059a600248349addb0bdae1e917d	2026-08-11T09:22:07+08:00	2026-08-11	S20260811-01	vocabulary	V0026	hard	0	0	2026-08-11	2026-08-12
R50fdba83e5ac449b810c3c603ef81917	2026-08-11T09:22:07+08:00	2026-08-11	S20260811-01	vocabulary	V0027	good	0	1	2026-08-11	2026-08-14
R5f4aabc354ae45a9be096e05e64bb137	2026-08-11T09:22:07+08:00	2026-08-11	S20260811-01	vocabulary	V0028	good	0	1	2026-08-11	2026-08-14
R9f4852ebddd749f8941bcfd946a2db3a	2026-08-11T09:22:07+08:00	2026-08-11	S20260811-01	error	E0026	hard	0	0	2026-08-11	2026-08-12
Rf13b9aec1835456ea8e2672d5bedc32d	2026-08-11T09:22:07+08:00	2026-08-11	S20260811-01	error	E0027	good	0	1	2026-08-11	2026-08-14
Re9e78fc9340c4271b6b833b848dc7291	2026-08-11T09:22:07+08:00	2026-08-11	S20260811-01	error	E0028	again	0	0	2026-08-11	2026-08-12
R671ec242f7db41b4bc51ab255cd9327d	2026-08-12T17:37:57+08:00	2026-08-12	S20260812-01	vocabulary	V0029	hard	0	0	2026-08-12	2026-08-13
R77c28c2c4ff0481d92af6f63228c70c5	2026-08-12T17:37:57+08:00	2026-08-12	S20260812-01	vocabulary	V0030	hard	0	0	2026-08-12	2026-08-13
R862ca165490b453cbeaef9827d0727b0	2026-08-12T17:37:57+08:00	2026-08-12	S20260812-01	vocabulary	V0026	hard	0	0	2026-08-12	2026-08-13
R0f97e4c25b4a491eb8d7bc06d118959a	2026-08-12T17:37:57+08:00	2026-08-12	S20260812-01	vocabulary	V0025	hard	0	0	2026-08-11	2026-08-13
R7e3b06fccbd74ee0a37bfa1fda071675	2026-08-12T17:37:57+08:00	2026-08-12	S20260812-01	error	E0029	hard	0	0	2026-08-12	2026-08-13
Rf5e099fc8f914b2a9bd2d49bca8d4207	2026-08-12T17:37:57+08:00	2026-08-12	S20260812-01	error	E0030	hard	0	0	2026-08-12	2026-08-13
Rbf2b3a088ef7416db83da51d3cf89d64	2026-08-12T17:37:57+08:00	2026-08-12	S20260812-01	error	E0031	hard	0	0	2026-08-12	2026-08-13
Rd849a13b7a93468aa8a121371d87145b	2026-08-12T17:37:57+08:00	2026-08-12	S20260812-01	error	E0026	hard	0	0	2026-08-12	2026-08-13
Rf239fcfcfaa548efb78b03e4b32ee96d	2026-08-12T17:37:57+08:00	2026-08-12	S20260812-01	error	E0028	hard	0	0	2026-08-12	2026-08-13
Rc5991d345e1e4d64b21b2a4f279e9255	2026-08-12T17:37:57+08:00	2026-08-12	S20260812-01	error	E0023	good	1	2	2026-08-12	2026-08-19
R6ee21142e27f4050a5f079f42ad8c717	2026-08-12T17:37:57+08:00	2026-08-12	S20260812-01	error	E0019	hard	0	0	2026-08-10	2026-08-13
