"id"	"item"	"meaning"	"context"	"status"	"level"	"next_review"	"last_review"	"source_session"
"V0001"	"be bombarded by/with"	"被大量信息或事物轰炸、淹没"	"You are bombarded by pictures and articles online."	"active"	"1"	"2026-08-06"	"2026-08-03"	"S20260721-01"
"V0002"	"circulate"	"传播；流传"	"A fake story may circulate widely online."	"active"	"2"	"2026-08-10"	"2026-08-03"	"S20260721-01"
"V0003"	"subtle"	"隐蔽的；不易察觉的"	"Some misinformation is subtle and difficult to recognize."	"active"	"2"	"2026-08-04"	"2026-07-28"	"S20260721-01"
"V0004"	"on behalf of"	"代表；为了某人或某群体发言"	"I am writing on behalf of my roommates and myself."	"active"	"1"	"2026-07-31"	"2026-07-28"	"S20260723-01"
"V0005"	"go offline"	"掉线；停止联网"	"The internet has been going offline every night."	"active"	"2"	"2026-08-04"	"2026-07-28"	"S20260723-01"
"V0006"	"technician"	"技术人员；维修人员"	"The technician tried to repair the router."	"active"	"1"	"2026-07-31"	"2026-07-28"	"S20260723-01"
"V0007"	"similarities between A and B"	"A 与 B 之间的相似之处"	"The students are discussing similarities between Mars and Earth."	"active"	"1"	"2026-07-31"	"2026-07-28"	"S20260724-01"
"V0008"	"Their distances from the Sun are different, but the difference is relatively small on an astronomical scale."	"它们与太阳的距离不同，但从天文尺度来看，这一差异相对较小。"	"可迁移结构：A and B are different, but the difference is relatively small on ... scale."	"active"	"1"	"2026-08-01"	"2026-07-29"	"S20260724-01"
"V0009"	"problem → change → result"	"问题—改动—结果；用于组织说明"	"I explained the website improvement in the order: problem, change and result."	"active"	"1"	"2026-08-01"	"2026-07-29"	"S20260725-01"
"V0010"	"prompt-generating AI / image-generating AI"	"生成提示词的 AI／生成图像的 AI"	"The prompt-generating AI writes the prompt, and the image-generating AI creates the wallpaper."	"active"	"1"	"2026-08-01"	"2026-07-29"	"S20260725-01"
"V0011"	"organize my thoughts in English in real time"	"实时用英语组织思路"	"My main difficulty is organizing my thoughts in English in real time."	"active"	"2"	"2026-08-07"	"2026-07-31"	"S20260726-01"
"V0012"	"track my progress"	"跟踪、记录我的进度"	"An AI agent can track my progress more effectively."	"active"	"2"	"2026-08-10"	"2026-08-03"	"S20260727-01"
"V0013"	"set the pace for my learning"	"为我的学习设定合适的节奏"	"It can set the pace for my learning and give me a personalized training plan."	"active"	"1"	"2026-08-06"	"2026-08-03"	"S20260727-01"
"V0014"	"difficulty with + noun/gerund"	"在某事或做某事方面有困难"	"My main difficulty with learning English is that I do not always know what to study."	"active"	"1"	"2026-07-31"	"2026-07-28"	"S20260727-01"
"V0015"	"have access to"	"能够获得或使用某事物"	"Many students do not have access to a good teacher."	"active"	"2"	"2026-08-10"	"2026-08-03"	"S20260728-01"
"V0016"	"search engine optimisation (SEO)"	"搜索引擎优化；让网页更容易出现在搜索结果中的方法"	"SEO means search engine optimisation."	"active"	"1"	"2026-08-03"	"2026-07-31"	"S20260729-01"
"V0017"	"If I were you, I’d ..."	"如果我是你，我会……；用于给建议"	"If I were you, I’d practise speaking every day."	"active"	"0"	"2026-08-01"	""	"S20260731-01"
"V0018"	"Perhaps you could try + -ing"	"也许你可以尝试做……；较委婉的建议"	"Perhaps you could try forming some short sentences first."	"active"	"0"	"2026-08-01"	""	"S20260731-01"
"V0019"	"enhance rather than replace learning"	"增强学习，而不是取代学习"	"Students should use AI to enhance rather than replace learning."	"active"	"0"	"2026-08-10"	"2026-08-09"	"S20260803-01"
"V0020"	"reliable sources"	"可靠的信息来源"	"Students should double-check important claims against reliable sources."	"active"	"1"	"2026-08-12"	"2026-08-09"	"S20260803-01"
"V0021"	"do the heavy lifting"	"承担最困难或最主要的工作"	"We should not let AI do all the heavy lifting."	"active"	"1"	"2026-08-12"	"2026-08-09"	"S20260803-01"
"V0022"	"biased information"	"有偏差或带有偏见的信息"	"AI can produce inaccurate or biased information."	"active"	"0"	"2026-08-04"	""	"S20260803-01"
"V0023"	"high-stakes conversation"	"结果重要、可能带来重大影响的对话"	"Pretending to understand is risky in a high-stakes conversation."	"active"	"0"	"2026-08-11"	"2026-08-10"	"S20260809-01"
"V0024"	"pretend to understand"	"假装听懂"	"Some people pretend to understand during casual conversations."	"active"	"0"	"2026-08-11"	"2026-08-10"	"S20260809-01"
"V0025"	"break something down into smaller questions"	"把复杂信息拆成更小的问题"	"Break the information down into smaller questions."	"active"	"0"	"2026-08-13"	"2026-08-12"	"S20260809-01"
"V0026"	"base something on / be based on"	"以……为依据；基于……"	"The tool can base its suggestions on students' backgrounds."	"active"	"0"	"2026-08-13"	"2026-08-12"	"S20260810-01"
"V0027"	"a series of"	"一系列"	"The tool provides a series of short learning activities."	"active"	"1"	"2026-08-14"	"2026-08-11"	"S20260810-01"
"V0028"	"professional learning materials"	"专业的学习材料"	"An AI agent can recommend professional learning materials."	"active"	"1"	"2026-08-14"	"2026-08-11"	"S20260810-01"
"V0029"	"request a two-day extension"	"请求延期两天"	"We would like to request a two-day extension."	"active"	"0"	"2026-08-13"	"2026-08-12"	"S20260811-01"
"V0030"	"put effort into"	"在……上投入努力"	"Our team has put a lot of effort into the project."	"active"	"0"	"2026-08-13"	"2026-08-12"	"S20260811-01"
"V0031"	"Thank you for considering our request."	"感谢您考虑我们的请求。"	"Thank you for considering our request."	"active"	"0"	"2026-08-12"	""	"S20260811-01"
